Gene,Expression_Level
Gene1,2.2107124440275427
Gene2,66.52033755859958
Gene3,8.36876502021645
Gene4,26.74081428073911
Gene5,13.987778901820944
Gene6,2.3545078999835796
Gene7,62.786196138115464
Gene8,11.992322197417417
Gene9,10.216166850530602
Gene10,23.161439658197178
