Gene,Expression_Level
Gene1,2.4960652605286993
Gene2,41.79009723504922
Gene3,7.365147016501048
Gene4,18.747651248367724
Gene5,9.07104311961446
Gene6,1.6030073738348054
Gene7,42.18635304708382
Gene8,6.709504079573034
Gene9,6.941880908698824
Gene10,14.834315624067195
