Gene,Expression_Level
Gene1,1.5679140387616362
Gene2,51.8131646102231
Gene3,9.871491632297314
Gene4,19.73152950958169
Gene5,13.845688190636643
Gene6,0.9565638435271873
Gene7,48.5513303650862
Gene8,8.766257395208855
Gene9,8.292875893945123
Gene10,17.997622935650508
