Gene,Expression_Level
Gene1,4.434587492530967
Gene2,64.36552798058233
Gene3,10.89246898210996
Gene4,22.092999266853482
Gene5,14.696330577767226
Gene6,3.7411741099769396
Gene7,62.87472233192854
Gene8,11.671693443961704
Gene9,9.90896403707953
Gene10,25.794477438397223
