Gene,Expression_Level
Gene1,5.4509795258323885
Gene2,72.47887168959622
Gene3,13.198836363697128
Gene4,28.664948563847158
Gene5,16.759160404644913
Gene6,1.581016960979655
Gene7,70.24349700573568
Gene8,8.057370636068956
Gene9,9.022878431516057
Gene10,31.443663483034033
