Gene,Expression_Level
Gene1,2.569428703467429
Gene2,59.1826671624589
Gene3,8.820350669636726
Gene4,25.180394726280984
Gene5,15.265485502927426
Gene6,0.23184823427607473
Gene7,60.79883168658697
Gene8,10.235710130454745
Gene9,8.79268078593949
Gene10,23.134250373033055
