Gene,Expression_Level
Gene1,5.162995983409664
Gene2,58.82391895441131
Gene3,12.600383636957469
Gene4,24.844354819022172
Gene5,18.51102309015761
Gene6,3.390759968229876
Gene7,60.481824385019756
Gene8,9.780919314784526
Gene9,9.721998973781004
Gene10,22.556987789264262
