Gene,Expression_Level
Gene1,1.1451594928656461
Gene2,54.9599001343374
Gene3,8.291296627511448
Gene4,22.77800248319626
Gene5,15.514160122266976
Gene6,1.0854270214188753
Gene7,54.688977781159714
Gene8,10.507928232452485
Gene9,8.309330060907262
Gene10,23.227568773827812
