Gene,Expression_Level
Gene1,2.29527712114886
Gene2,42.34225385254127
Gene3,4.9761391467804215
Gene4,17.141376637758857
Gene5,10.30770422287832
Gene6,1.7895301848280776
Gene7,39.72000689900044
Gene8,7.747191391908069
Gene9,6.538411629024837
Gene10,16.615748588150165
