Gene,Expression_Level
Gene1,3.091515050480884
Gene2,43.434691558685365
Gene3,10.198376279764158
Gene4,17.87790898199812
Gene5,11.918817983013373
Gene6,0.5336010360783806
Gene7,45.373929470540936
Gene8,8.521518758660308
Gene9,6.465418183677167
Gene10,17.742932693619814
