Gene,Expression_Level
Gene1,2.586561890217668
Gene2,76.82382384491834
Gene3,14.17266075048599
Gene4,32.95701287978001
Gene5,19.958287238012407
Gene6,1.0858341271728154
Gene7,77.8358129679825
Gene8,12.58276740283772
Gene9,12.933307492761536
Gene10,29.70881907966272
