Gene,Expression_Level
Gene1,0.058320014973371435
Gene2,35.69499691726334
Gene3,7.633945942552029
Gene4,14.251392162438862
Gene5,10.123787243508263
Gene6,1.5071907302860976
Gene7,34.965280454104224
Gene8,5.763352848532503
Gene9,7.295673637595872
Gene10,13.523602643862084
