Gene,Expression_Level
Gene1,3.1070644430748335
Gene2,69.73583964068648
Gene3,14.062771293760767
Gene4,32.137402414436025
Gene5,14.584464418806855
Gene6,0.7614549844307176
Gene7,71.82302692860989
Gene8,10.75071500971444
Gene9,9.557316523633327
Gene10,28.135327398397937
