Gene,Expression_Level
Gene1,1.533134703993448
Gene2,52.057370768305255
Gene3,9.560570980958465
Gene4,21.9795913079309
Gene5,13.115581796069842
Gene6,1.054095199414665
Gene7,50.32656732524029
Gene8,9.097748021174466
Gene9,10.377816331839941
Gene10,20.09770309770376
