Gene,Expression_Level
Gene1,1.8310341139421067
Gene2,42.481678220900356
Gene3,6.131918245855506
Gene4,17.78060737055294
Gene5,11.914592859846472
Gene6,1.0918665859941397
Gene7,39.38081614800832
Gene8,7.106204156777443
Gene9,8.1676594319705
Gene10,16.597814837887267
