Gene,Expression_Level
Gene1,3.9348752743128217
Gene2,69.96913999963704
Gene3,8.759532537960919
Gene4,26.909561361310477
Gene5,17.089326099453256
Gene6,2.2722679131532812
Gene7,67.86042083533168
Gene8,11.486179473702267
Gene9,9.848634117252873
Gene10,22.05066015157095
