Gene,Expression_Level
Gene1,2.727487857654231
Gene2,51.07732984108252
Gene3,9.676102952778617
Gene4,18.707198516363825
Gene5,13.928268737330194
Gene6,2.298451059475273
Gene7,51.49689329922388
Gene8,6.070474036260104
Gene9,8.804461156723708
Gene10,21.12478248650107
