Gene,Expression_Level
Gene1,0.3969283333256116
Gene2,27.585343435875814
Gene3,5.014563900938991
Gene4,10.578847149521385
Gene5,6.348707166526481
Gene6,0.6686692817100672
Gene7,26.98585305661529
Gene8,4.19146971680064
Gene9,4.433371936352451
Gene10,11.81676616631694
