Gene,Expression_Level
Gene1,0.9989423755490235
Gene2,47.37220627678502
Gene3,9.31470218161573
Gene4,17.1118551646786
Gene5,11.707031564471954
Gene6,2.649993160602754
Gene7,44.360713379006235
Gene8,5.947298346831773
Gene9,4.649383744014624
Gene10,16.70141826269333
