Gene,Expression_Level
Gene1,3.549341940202981
Gene2,72.76863694477846
Gene3,15.527604798913396
Gene4,33.135345675142126
Gene5,17.504502822588673
Gene6,1.0251009992979039
Gene7,74.55914793784615
Gene8,9.721351327320399
Gene9,13.204678628107965
Gene10,29.99103210725124
