Gene,Expression_Level
Gene1,1.2020768555350287
Gene2,44.885327367071326
Gene3,9.185948864994012
Gene4,18.27224067495133
Gene5,12.75047214552295
Gene6,0.6378788275376075
Gene7,42.75342847822891
Gene8,8.085283079661446
Gene9,7.294410234411584
Gene10,16.361566386907423
