Gene,Expression_Level
Gene1,2.285720107164851
Gene2,40.0217719631144
Gene3,7.912983854378245
Gene4,18.820232733545247
Gene5,11.094028310825568
Gene6,1.9255741168857508
Gene7,44.21523613359067
Gene8,6.250220413438133
Gene9,7.672895965653957
Gene10,14.671965456340775
