Gene,Expression_Level
Gene1,0.49841208257916625
Gene2,55.62761069648139
Gene3,11.946543665020588
Gene4,24.604953377030952
Gene5,13.154952475883357
Gene6,2.2574033704409824
Gene7,54.31149005131069
Gene8,8.722039131313169
Gene9,8.640175818393411
Gene10,23.018755953074034
