Gene,Expression_Level
Gene1,0.6839383287961518
Gene2,27.33040339854143
Gene3,4.41249262972352
Gene4,11.066555739560366
Gene5,5.899985207581241
Gene6,0.28811829196811345
Gene7,24.593866925437315
Gene8,5.370149473397171
Gene9,5.044870080986172
Gene10,12.418907147887346
