Gene,Expression_Level
Gene1,2.4814417548795067
Gene2,53.83094283200992
Gene3,9.5606284362
Gene4,22.56368806403795
Gene5,13.954803000930251
Gene6,1.7380569132316868
Gene7,54.46556028276606
Gene8,7.938361603289499
Gene9,10.199259133829726
Gene10,17.34879238166666
