Gene,Expression_Level
Gene1,1.1274494689316605
Gene2,29.28805415162627
Gene3,5.51879356976055
Gene4,12.881609975824551
Gene5,8.22937034985046
Gene6,1.3921748943029268
Gene7,30.641852488167185
Gene8,4.189190991366702
Gene9,3.7882159111414704
Gene10,10.715101509232657
