Gene,Expression_Level
Gene1,2.3299501476485944
Gene2,35.865763460623675
Gene3,6.516612832998374
Gene4,14.522756028221309
Gene5,9.557289331417408
Gene6,0.42620670940500943
Gene7,35.84167345752345
Gene8,5.938259408497787
Gene9,7.506757843525834
Gene10,13.160533091425986
