Gene,Expression_Level
Gene1,0.6532338047200463
Gene2,31.12509558780716
Gene3,6.026598434255267
Gene4,13.111017672597114
Gene5,7.7985962408972425
Gene6,0.13038335129264214
Gene7,31.219626665782908
Gene8,5.036617627855985
Gene9,3.8744225835290775
Gene10,11.347016175672803
