Gene,Expression_Level
Gene1,1.704228966664262
Gene2,30.575027852180696
Gene3,4.8433180115918475
Gene4,11.66035497773805
Gene5,8.767786565841671
Gene6,0.7022428551793827
Gene7,31.316749650704043
Gene8,4.02455310791915
Gene9,5.035078467585441
Gene10,13.172391658404962
