Gene,Expression_Level
Gene1,2.3191631866618594
Gene2,55.77618533444713
Gene3,8.048461939204767
Gene4,21.950106118054485
Gene5,10.607057635870898
Gene6,0.04515415473784596
Gene7,52.75645685690994
Gene8,4.8731086406076844
Gene9,9.068386951788597
Gene10,22.213053693149423
