Gene,Expression_Level
Gene1,5.338097203792229
Gene2,58.75634411746412
Gene3,9.845986215514074
Gene4,23.560524680184766
Gene5,14.22992570478877
Gene6,0.766245771143881
Gene7,61.6997880290514
Gene8,9.806247531097274
Gene9,9.43765434965466
Gene10,24.59718711343521
