Gene,Expression_Level
Gene1,1.094715222738966
Gene2,40.020390283469865
Gene3,7.6981251114593565
Gene4,17.646056786872247
Gene5,9.418627006208274
Gene6,0.9100343915491543
Gene7,39.997295803689276
Gene8,5.511479643987076
Gene9,6.592128048524518
Gene10,15.489935387799115
