Gene,Expression_Level
Gene1,1.4652898509331616
Gene2,68.52575069267564
Gene3,9.344682223989404
Gene4,26.695821801537065
Gene5,15.217503764622702
Gene6,1.0942745308684625
Gene7,66.93566389851864
Gene8,14.00495077050301
Gene9,13.596264576038022
Gene10,26.142227632818816
