Gene,Expression_Level
Gene1,1.1088415485532073
Gene2,38.31478745139694
Gene3,6.194637637333938
Gene4,14.147016368343142
Gene5,8.1662358003729
Gene6,0.24523755064274358
Gene7,37.45097821667229
Gene8,7.194750191207651
Gene9,4.570371879690717
Gene10,14.214753680942191
