Gene,Expression_Level
Gene1,1.1930776879592537
Gene2,29.911178482320008
Gene3,4.02857177367487
Gene4,12.124915378493764
Gene5,6.2833401947255005
Gene6,0.8889762300474231
Gene7,29.41546846422126
Gene8,4.361006268709915
Gene9,4.708612735333961
Gene10,11.95874627596004
