Gene,Expression_Level
Gene1,2.362294700177751
Gene2,55.3695313113484
Gene3,9.186302363648197
Gene4,22.47200808729051
Gene5,12.479002294506426
Gene6,1.1328850817187461
Gene7,53.460563145955525
Gene8,8.117779267595097
Gene9,6.662361632763594
Gene10,21.55706562233974
