Gene,Expression_Level
Gene1,1.0930699241199455
Gene2,63.3714943117206
Gene3,8.815541743904264
Gene4,22.380579658135595
Gene5,14.657494329858848
Gene6,2.134683443004156
Gene7,65.93315580897792
Gene8,12.204790770873753
Gene9,10.764670176087836
Gene10,28.339192653821282
