Gene,Expression_Level
Gene1,1.2869369008057787
Gene2,61.87054534175733
Gene3,14.880345473764825
Gene4,27.29574004081305
Gene5,16.376576882303443
Gene6,1.5050197622159984
Gene7,63.53375842873353
Gene8,11.519055090556531
Gene9,9.631285239561201
Gene10,25.544657796888764
