Gene,Expression_Level
Gene1,0.9072175739068051
Gene2,37.44678295420662
Gene3,7.792161650890044
Gene4,18.10768514175863
Gene5,10.029680795076567
Gene6,1.0590481570552044
Gene7,39.414896842949965
Gene8,5.973581968101492
Gene9,8.24292551213931
Gene10,14.096885882618642
