Gene,Expression_Level
Gene1,4.135879910015389
Gene2,62.752036146035195
Gene3,11.981757573229903
Gene4,23.759718887941705
Gene5,14.087897914276846
Gene6,0.5708217290704463
Gene7,60.24559283873826
Gene8,8.874828012958433
Gene9,12.210804042048963
Gene10,23.923640890253374
