Gene,Expression_Level
Gene1,2.0505253841714257
Gene2,57.04691450097613
Gene3,10.528158494416047
Gene4,23.46131917135511
Gene5,14.645387853569146
Gene6,0.6795466115052414
Gene7,53.69469024232094
Gene8,9.931657185108545
Gene9,7.154106579119405
Gene10,23.62633501744702
