Gene,Expression_Level
Gene1,1.5848128873677623
Gene2,38.95883058497442
Gene3,8.094528396569553
Gene4,14.922295446671598
Gene5,9.724420940229836
Gene6,1.4417055817854791
Gene7,38.61074208727166
Gene8,5.310770265615389
Gene9,7.162078935191159
Gene10,14.67366418182611
