Gene,Expression_Level
Gene1,3.349003128164535
Gene2,74.66589211528101
Gene3,15.900176609826577
Gene4,31.44823949484378
Gene5,21.641407661862186
Gene6,0.7629597208564585
Gene7,68.42062644155764
Gene8,9.338215989873476
Gene9,11.951852725181132
Gene10,27.022433403587023
