Gene,Expression_Level
Gene1,0.5430520799007584
Gene2,73.69778929613297
Gene3,14.257482365097527
Gene4,26.99505892600568
Gene5,17.385467453481922
Gene6,2.606271142595372
Gene7,70.38366256937658
Gene8,12.408061493755751
Gene9,11.150121706155332
Gene10,29.21198851139242
