Gene,Expression_Level
Gene1,0.8217242361695855
Gene2,34.02614416410559
Gene3,6.4556521709693016
Gene4,13.520949625670779
Gene5,8.72164209854176
Gene6,0.9484021535498769
Gene7,34.70310818445812
Gene8,6.415520697519899
Gene9,7.450913989103455
Gene10,13.079970472162634
