Gene,Expression_Level
Gene1,0.7857134202852962
Gene2,42.04840301315416
Gene3,7.89388932085506
Gene4,18.07414767027097
Gene5,11.16406358801633
Gene6,0.2748834965144016
Gene7,42.02222620577374
Gene8,5.208958576098153
Gene9,8.50553779675382
Gene10,16.77120298439048
