Gene,Expression_Level
Gene1,2.4169418836211527
Gene2,44.64670489453095
Gene3,8.300282693097246
Gene4,17.231912842059863
Gene5,11.074779816520513
Gene6,0.29051078368244765
Gene7,44.31877915780305
Gene8,8.437136279451328
Gene9,7.539206025336907
Gene10,15.718786238882503
