Gene,Expression_Level
Gene1,3.295948458629716
Gene2,67.35451736717005
Gene3,12.303180553670526
Gene4,28.73285302345489
Gene5,16.88344979671155
Gene6,0.8222657385234681
Gene7,66.5367261053951
Gene8,11.60327238993155
Gene9,9.09069975555619
Gene10,27.193934749043887
