Gene,Expression_Level
Gene1,0.7003105942598015
Gene2,58.62449194491941
Gene3,11.349783224725194
Gene4,24.16251715845981
Gene5,14.4763266172858
Gene6,1.7770664275957255
Gene7,59.48178347330619
Gene8,8.391670857953313
Gene9,9.164319241582533
Gene10,22.694671248539127
