Gene,Expression_Level
Gene1,0.0015618384721062268
Gene2,56.91730471236796
Gene3,9.242740954294897
Gene4,27.200572844727173
Gene5,13.735831069376484
Gene6,4.1232093377975305
Gene7,53.83860389736079
Gene8,10.496480732664578
Gene9,8.398340129887254
Gene10,22.27626845589148
