Gene,Expression_Level
Gene1,5.362317992258823
Gene2,61.416681389785055
Gene3,9.150815171008054
Gene4,22.310129574048887
Gene5,14.952394908163543
Gene6,2.1807576694646595
Gene7,58.92095149503552
Gene8,8.569648626764055
Gene9,9.280665746784074
Gene10,22.623677383518523
