Gene,Expression_Level
Gene1,1.8484024938073365
Gene2,33.686993714680355
Gene3,7.316035259240947
Gene4,13.084890015930048
Gene5,8.73871705243781
Gene6,0.6787907746926801
Gene7,34.72838079190875
Gene8,5.828655822641959
Gene9,5.581735132531982
Gene10,12.100558424022367
