Gene,Expression_Level
Gene1,0.6957502127811135
Gene2,34.44103787522668
Gene3,7.285724634637971
Gene4,13.168603466987937
Gene5,8.281960034549094
Gene6,0.5676751253765608
Gene7,34.788594518570136
Gene8,5.9601184500520885
Gene9,5.986727915736704
Gene10,14.096965897703129
