Gene,Expression_Level
Gene1,1.1034427468467225
Gene2,28.365315537202246
Gene3,7.367755090688531
Gene4,11.162229512941748
Gene5,6.074171510328275
Gene6,0.06170041947191183
Gene7,31.515742604728263
Gene8,3.3758800942828766
Gene9,5.251980627439857
Gene10,11.012077175414916
