Gene,Expression_Level
Gene1,1.3008325273455954
Gene2,55.99193439636045
Gene3,9.30402376257437
Gene4,20.37016531138273
Gene5,12.231672764258722
Gene6,1.7488594873728993
Gene7,51.642225356277535
Gene8,4.896233696054158
Gene9,8.02689426546471
Gene10,17.628461885450314
