Gene,Expression_Level
Gene1,1.3819395107848742
Gene2,74.20911048484652
Gene3,14.406285329348243
Gene4,30.54555544640967
Gene5,20.55387272048779
Gene6,2.3887057093759623
Gene7,74.45395707740637
Gene8,15.790178882824742
Gene9,11.794590548205372
Gene10,32.032130728550364
