Gene,Expression_Level
Gene1,3.3448818314413877
Gene2,63.045608089364926
Gene3,10.798066266060632
Gene4,24.172405091519856
Gene5,14.676929851525024
Gene6,3.3458272927059176
Gene7,67.19771824447844
Gene8,9.460258364835521
Gene9,10.236617748992225
Gene10,22.69988388023743
