Gene,Expression_Level
Gene1,1.8151255842347076
Gene2,62.213136305345685
Gene3,14.80836953463152
Gene4,23.468179017772187
Gene5,19.46501051406553
Gene6,1.8530754288006452
Gene7,58.846286934115206
Gene8,10.005623985308828
Gene9,9.376248536044741
Gene10,22.578306080709783
