Gene,Expression_Level
Gene1,0.24774163838860783
Gene2,75.07636369869122
Gene3,16.561592912093545
Gene4,28.800030885135776
Gene5,18.304974670009386
Gene6,0.36556144130036855
Gene7,76.89631933616138
Gene8,14.09285792618133
Gene9,13.464742609959139
Gene10,30.690862870483244
