Gene,Expression_Level
Gene1,0.9356095488809912
Gene2,28.235433874973168
Gene3,4.914987434815916
Gene4,11.349850553540744
Gene5,6.989894810758925
Gene6,0.07076404267644663
Gene7,28.435429962533203
Gene8,4.155023788687651
Gene9,6.150034402448815
Gene10,9.888739314830913
