Gene,Expression_Level
Gene1,2.3636329211994056
Gene2,64.73164825022299
Gene3,11.12052529176944
Gene4,26.367370989445103
Gene5,17.715944148838776
Gene6,0.06096884668816961
Gene7,71.22685394829651
Gene8,13.957201021485247
Gene9,14.921162657923947
Gene10,31.10902483973528
