Gene,Expression_Level
Gene1,1.8026489247733768
Gene2,36.557569357082066
Gene3,6.276522503864749
Gene4,15.031087535800626
Gene5,10.572653994884313
Gene6,1.054741411502206
Gene7,37.77217930994942
Gene8,5.5713676387851105
Gene9,5.892327555076445
Gene10,13.829009730683556
