Gene,Expression_Level
Gene1,0.7864483352794178
Gene2,60.53110682127514
Gene3,10.956907306999792
Gene4,26.458654497913763
Gene5,18.620419423731715
Gene6,0.6135366839966554
Gene7,59.28500526302951
Gene8,11.451372241688713
Gene9,10.43204249464594
Gene10,23.37452710156735
