Gene,Expression_Level
Gene1,0.6809756106995714
Gene2,63.81481827676428
Gene3,12.792533388805865
Gene4,25.48622923004406
Gene5,15.248284122808856
Gene6,1.3191776320917314
Gene7,62.77334421097777
Gene8,7.08554991394035
Gene9,9.42621773951436
Gene10,25.845547187357486
