Gene,Expression_Level
Gene1,1.460926559772595
Gene2,56.06567784768876
Gene3,13.752456119761673
Gene4,23.52282044378853
Gene5,13.95014686777539
Gene6,0.6485575716921845
Gene7,59.614209639545784
Gene8,9.906246351273582
Gene9,9.94971062585929
Gene10,25.06961652348009
