Gene,Expression_Level
Gene1,1.1922735951295613
Gene2,36.73873716003547
Gene3,7.356858174437041
Gene4,13.956784454452055
Gene5,11.256065117850396
Gene6,1.6790915355723488
Gene7,35.83576986735486
Gene8,8.063543284904712
Gene9,7.6753315990536555
Gene10,13.924191081892797
