Gene,Expression_Level
Gene1,0.29210240333442766
Gene2,44.79039723124879
Gene3,7.9114310246968955
Gene4,21.036649951642715
Gene5,12.400032467612522
Gene6,2.1267426232309776
Gene7,46.26564783195688
Gene8,8.101315689933545
Gene9,4.905733778361581
Gene10,16.737971948583397
