Gene,Expression_Level
Gene1,1.6058546324867913
Gene2,39.26236109873776
Gene3,8.596470336935205
Gene4,16.70041838482547
Gene5,10.979007048451843
Gene6,0.06761672891861022
Gene7,39.632517060154626
Gene8,4.496036460108355
Gene9,5.553570237429201
Gene10,15.628597696894126
