Gene,Expression_Level
Gene1,0.5441086322326971
Gene2,60.02490665676427
Gene3,11.919391212464015
Gene4,23.216363318804156
Gene5,18.8499646304269
Gene6,1.0838160720551504
Gene7,58.9663361096237
Gene8,9.670553583218378
Gene9,12.34354219454723
Gene10,26.0856626674676
