Gene,Expression_Level
Gene1,3.115105997619952
Gene2,70.4899620022483
Gene3,14.30005143835913
Gene4,28.884668642459406
Gene5,19.778560092738754
Gene6,1.2766619651303948
Gene7,69.58324240668331
Gene8,9.91265996334416
Gene9,11.364933064082855
Gene10,27.263227085657032
