Gene,Expression_Level
Gene1,2.7216734086592322
Gene2,62.35289909545718
Gene3,9.107799931141464
Gene4,27.73697968626005
Gene5,16.366150697403903
Gene6,0.39235615831470916
Gene7,65.36116515504307
Gene8,11.04052647011583
Gene9,10.602103826322427
Gene10,23.189375933915695
