Gene,Expression_Level
Gene1,1.7038289906204698
Gene2,25.905984184151613
Gene3,4.715020672482151
Gene4,9.852483553004395
Gene5,6.568304944677938
Gene6,0.5614517685931778
Gene7,26.846396428551536
Gene8,4.028707248139683
Gene9,4.233216872667536
Gene10,10.116472743394432
