Gene,Expression_Level
Gene1,2.9339350533467785
Gene2,66.22924595277715
Gene3,12.948459929261906
Gene4,28.085063301875604
Gene5,17.748228195159474
Gene6,0.8592337583060624
Gene7,65.42909199500448
Gene8,10.18468089504373
Gene9,11.715690939643276
Gene10,25.830036007902088
