Gene,Expression_Level
Gene1,1.1686214188922146
Gene2,63.14940038384124
Gene3,10.043415847964946
Gene4,24.243854060382287
Gene5,15.339047452370123
Gene6,0.52285567719052
Gene7,60.06490954811617
Gene8,12.957750150720075
Gene9,11.819859322773207
Gene10,24.030593206037178
