Gene,Expression_Level
Gene1,6.307401808003157
Gene2,77.84770781508706
Gene3,15.072783850752447
Gene4,29.595756096501198
Gene5,18.192662838056577
Gene6,3.037076016610505
Gene7,74.41217233127783
Gene8,13.628372935204395
Gene9,11.366253081420423
Gene10,29.370822815853863
