Gene,Expression_Level
Gene1,2.1343838730339675
Gene2,57.573348273755386
Gene3,12.750415960357138
Gene4,23.368816105105118
Gene5,17.207883865098744
Gene6,0.9263669650111571
Gene7,58.91748921488261
Gene8,5.046200735901271
Gene9,9.17625660156814
Gene10,24.767520163689618
