Gene,Expression_Level
Gene1,1.7201450534740643
Gene2,32.62625691820902
Gene3,6.9500115422417315
Gene4,12.875223643078717
Gene5,8.969283364037956
Gene6,0.769881175848302
Gene7,34.237481111405444
Gene8,5.738723250623101
Gene9,4.789454179416441
Gene10,12.813376876002973
