Gene,Expression_Level
Gene1,1.1332347156785552
Gene2,66.76008062549832
Gene3,14.118704343123014
Gene4,27.989108063702894
Gene5,20.669287014121462
Gene6,0.706893652897498
Gene7,69.30449132964912
Gene8,11.381908051108088
Gene9,12.49049111949818
Gene10,24.564489028648985
