Gene,Expression_Level
Gene1,3.9700670783707834
Gene2,76.32623425939275
Gene3,13.8731150751789
Gene4,27.373356384408424
Gene5,19.658145360208955
Gene6,4.5520849368771295
Gene7,73.09781880510918
Gene8,10.943985112542938
Gene9,17.264953511547926
Gene10,27.687838015806744
