Gene,Expression_Level
Gene1,0.8076276583092864
Gene2,34.803581738503794
Gene3,6.572174604499486
Gene4,13.040485286663047
Gene5,8.834405110179084
Gene6,0.9220780801153124
Gene7,32.73595284139368
Gene8,4.583857288758084
Gene9,6.74458321197191
Gene10,13.614730431968331
