Gene,Expression_Level
Gene1,3.490303490360727
Gene2,54.759413830323986
Gene3,9.92640074604266
Gene4,23.016799913683734
Gene5,14.203627826342366
Gene6,1.6009261845737806
Gene7,57.594860675535735
Gene8,7.9259791886236135
Gene9,12.298547659869287
Gene10,22.321580229941425
