Gene,Expression_Level
Gene1,1.4312463502748907
Gene2,45.53504011962917
Gene3,9.45620838427806
Gene4,16.901217007612136
Gene5,11.196251478199502
Gene6,1.1306523242929714
Gene7,41.170291439096886
Gene8,5.6452161354048895
Gene9,4.240677435312643
Gene10,16.5419878150657
