Gene,Expression_Level
Gene1,2.5109689169565383
Gene2,58.83685763708533
Gene3,13.093017972391635
Gene4,23.90837481819698
Gene5,16.15604126589225
Gene6,1.259850799621886
Gene7,60.22890021090891
Gene8,10.358121330109578
Gene9,9.819844019676434
Gene10,22.29106656072793
