Gene,Expression_Level
Gene1,3.1951327692115785
Gene2,46.29599515599671
Gene3,7.282770047305989
Gene4,19.315225030100947
Gene5,10.70021389087833
Gene6,0.0652078451794781
Gene7,44.60367557068111
Gene8,5.3245776095949235
Gene9,8.316262616112844
Gene10,18.688177532966904
