Gene,Expression_Level
Gene1,2.1514013962150877
Gene2,40.563532265544794
Gene3,7.232075181406865
Gene4,17.07708888689099
Gene5,10.327654198299268
Gene6,1.8891261368952543
Gene7,42.647701106875424
Gene8,8.324454177562096
Gene9,7.952915329684013
Gene10,16.878000033160497
