Gene,Expression_Level
Gene1,2.2447548910016133
Gene2,41.768948664472646
Gene3,8.000562812951376
Gene4,18.483115779147603
Gene5,11.05793921766894
Gene6,0.22726739305428595
Gene7,42.18981105460237
Gene8,6.182337595004335
Gene9,4.523474211425266
Gene10,15.702478639204298
