Gene,Expression_Level
Gene1,3.1113706044510647
Gene2,40.59356769236975
Gene3,9.244637764245018
Gene4,16.80674627882343
Gene5,11.638273568003827
Gene6,1.5683049487173153
Gene7,39.73320408691698
Gene8,6.854406955460715
Gene9,5.987379900083718
Gene10,17.575797825468655
