Gene,Expression_Level
Gene1,1.2461187010810937
Gene2,33.07147353744911
Gene3,6.917745082284176
Gene4,13.082155874931907
Gene5,10.760936904092862
Gene6,0.5551637887493659
Gene7,31.648823774967695
Gene8,5.396119326643022
Gene9,7.1662834423028485
Gene10,11.62061425907788
