Gene,Expression_Level
Gene1,5.766833275790519
Gene2,62.73251416603953
Gene3,6.799011747057899
Gene4,24.03470094614483
Gene5,14.867478546231823
Gene6,2.300169972727967
Gene7,66.89169346846603
Gene8,11.26772535491975
Gene9,9.036477710699705
Gene10,22.917708505927262
