Gene,Expression_Level
Gene1,1.8005458215008536
Gene2,47.29053383145277
Gene3,7.594463456315592
Gene4,18.89122749014755
Gene5,11.076270614583795
Gene6,0.9070085036499824
Gene7,48.33990685690435
Gene8,8.240765005490594
Gene9,9.229183330412795
Gene10,16.726058119332563
