Gene,Expression_Level
Gene1,1.778838505260955
Gene2,46.146041508381956
Gene3,11.477119652806032
Gene4,18.34170436768249
Gene5,9.043317584252945
Gene6,0.9440014387573938
Gene7,47.47533490961708
Gene8,6.424867447009558
Gene9,7.241483895849824
Gene10,20.865237484997905
