Gene,Expression_Level
Gene1,0.6768037364434663
Gene2,71.46777894539392
Gene3,10.460585766674797
Gene4,29.325632992636532
Gene5,15.528654149412004
Gene6,0.16779586423165838
Gene7,71.06979945455873
Gene8,12.301988424086446
Gene9,10.358977539846132
Gene10,28.003957225032337
