Gene,Expression_Level
Gene1,0.7240649522174837
Gene2,66.22866060112864
Gene3,10.226067276878418
Gene4,29.54566281800969
Gene5,16.07623622495854
Gene6,0.37007942877966193
Gene7,63.77025838674149
Gene8,9.54430766509823
Gene9,11.220911730740852
Gene10,25.451259062208194
