Gene,Expression_Level
Gene1,0.325199423642542
Gene2,39.79967412645965
Gene3,8.978250108558136
Gene4,18.762629364615954
Gene5,8.141330638283165
Gene6,1.2548165653652927
Gene7,39.92913285440583
Gene8,6.489917102484399
Gene9,8.416628606280533
Gene10,14.707996079156334
