Gene,Expression_Level
Gene1,0.4254322176241611
Gene2,41.68713554274317
Gene3,5.906078846005859
Gene4,15.662059709199593
Gene5,10.166130902355498
Gene6,3.035122718736469
Gene7,39.57060818953847
Gene8,5.479482263609397
Gene9,7.35554397389942
Gene10,17.35827612586206
