Gene,Expression_Level
Gene1,3.3336067550226423
Gene2,68.48198236388872
Gene3,13.460711468689095
Gene4,26.82003573303732
Gene5,16.789054708913206
Gene6,0.914461710157888
Gene7,68.78463420491036
Gene8,12.36794668694624
Gene9,15.207277011710062
Gene10,28.45009401032888
