Gene,Expression_Level
Gene1,0.9112273985968338
Gene2,33.87751894306114
Gene3,6.011443151272747
Gene4,12.966517496418914
Gene5,7.799088187416823
Gene6,0.0664994079725835
Gene7,34.3506171336037
Gene8,4.732135657167366
Gene9,6.2941361742205615
Gene10,11.858049504954046
