Gene,Expression_Level
Gene1,0.40563459363491505
Gene2,47.0144709936555
Gene3,7.9268154948383245
Gene4,19.249719352159925
Gene5,13.361341337007742
Gene6,0.583303170076034
Gene7,48.327027785014316
Gene8,7.187673589525671
Gene9,7.654210120431112
Gene10,18.91185737362372
