Gene,Expression_Level
Gene1,0.8871560903145723
Gene2,73.84072737876716
Gene3,15.554083135602834
Gene4,29.105668099929332
Gene5,19.964780915329456
Gene6,0.550148943211761
Gene7,74.06087234771907
Gene8,11.137447111645166
Gene9,12.986191903264418
Gene10,29.105693757544106
