Gene,Expression_Level
Gene1,1.593113047585704
Gene2,39.313601511117305
Gene3,7.729747817875528
Gene4,16.391179517043984
Gene5,8.44483615101741
Gene6,0.7339164276145885
Gene7,39.624574989067625
Gene8,6.949711443091313
Gene9,6.405836981697251
Gene10,17.71023729953791
