Gene,Expression_Level
Gene1,0.9682623670915234
Gene2,43.76346140859403
Gene3,8.123282864175254
Gene4,18.178924714427584
Gene5,11.55253487966458
Gene6,1.3375040605026438
Gene7,45.42031532365176
Gene8,8.108921854071824
Gene9,4.627883449736374
Gene10,15.546115263979537
