Gene,Expression_Level
Gene1,2.7715376166348347
Gene2,64.20864892533022
Gene3,10.545460354192889
Gene4,27.073127386288967
Gene5,16.85242891742399
Gene6,0.31977387829888165
Gene7,75.139226462597
Gene8,10.920512886398596
Gene9,7.103676773097282
Gene10,27.373108333511052
