Gene,Expression_Level
Gene1,3.9500811955593558
Gene2,74.50168975926654
Gene3,12.192410348607364
Gene4,34.9177736215962
Gene5,21.57439531159338
Gene6,2.178338174241271
Gene7,81.17220705253962
Gene8,11.512995438961955
Gene9,5.44006949420491
Gene10,27.298845871382728
