Gene,Expression_Level
Gene1,1.3448941171497473
Gene2,42.52246054811104
Gene3,7.485871407890214
Gene4,18.586695407035183
Gene5,9.781070890016522
Gene6,1.1953115193038066
Gene7,47.48416512180022
Gene8,5.514993344178121
Gene9,1.9478266882831212
Gene10,15.545940373275021
