Gene,Expression_Level
Gene1,1.6582619789287103
Gene2,46.76226301473919
Gene3,10.04519532887447
Gene4,17.89977401571311
Gene5,12.24826772058647
Gene6,1.0203188187110164
Gene7,50.64221570781128
Gene8,7.110911485444779
Gene9,3.157807648290803
Gene10,15.731875816835029
