Gene,Expression_Level
Gene1,1.3059792591859294
Gene2,51.73954931439609
Gene3,9.392465552370997
Gene4,23.859457984180526
Gene5,12.653962916108073
Gene6,2.583052307552872
Gene7,60.085530616324824
Gene8,10.653857251774163
Gene9,1.0859250956237663
Gene10,22.02639223928907
