Gene,Expression_Level
Gene1,0.7540060868626954
Gene2,27.499533747699722
Gene3,4.4725376002940145
Gene4,10.832378719538825
Gene5,5.995120752438033
Gene6,0.22968902243783676
Gene7,30.447172725308704
Gene8,5.642914880363002
Gene9,2.335679117060564
Gene10,10.304382877434216
