Gene,Expression_Level
Gene1,1.1152047452867686
Gene2,43.37397622541655
Gene3,7.16680088823722
Gene4,17.39555464521363
Gene5,10.080977373959776
Gene6,1.9365451647375644
Gene7,44.75318660451452
Gene8,8.601784360673104
Gene9,2.707080140692713
Gene10,17.186913525576234
