Gene,Expression_Level
Gene1,1.4466906892683071
Gene2,69.84374069804966
Gene3,13.376970683040472
Gene4,26.31994722172081
Gene5,13.503436247573777
Gene6,1.0906236808817398
Gene7,72.52747465049531
Gene8,8.695605105330099
Gene9,5.193873034898023
Gene10,25.91862653918198
