Gene,Expression_Level
Gene1,0.2780780561942738
Gene2,32.44210095047658
Gene3,6.866888372688786
Gene4,14.08120388830927
Gene5,9.016825568071111
Gene6,1.273685824024478
Gene7,38.23378139927283
Gene8,5.404714784390584
Gene9,2.112545120953542
Gene10,13.701271008377423
