Gene,Expression_Level
Gene1,1.9649632003277728
Gene2,75.102573011024
Gene3,12.148111449245851
Gene4,30.215055628491264
Gene5,18.003942955349274
Gene6,4.536114559752736
Gene7,82.71477321521107
Gene8,11.124595353969864
Gene9,1.8916121739360914
Gene10,28.03394630737231
