Gene,Expression_Level
Gene1,2.241208021534501
Gene2,69.92103409313371
Gene3,15.09076646075405
Gene4,27.775983513726135
Gene5,15.256455967170508
Gene6,1.8960037378803454
Gene7,72.15364739176819
Gene8,13.89957446572241
Gene9,1.9542955426018707
Gene10,25.375424377084745
