Gene,Expression_Level
Gene1,1.1973967810431272
Gene2,71.86659284612722
Gene3,13.785675284393648
Gene4,32.77100480642626
Gene5,17.413652803131072
Gene6,5.449020293542432
Gene7,83.47103935055473
Gene8,11.034921841957885
Gene9,6.160107964464477
Gene10,30.803910316802327
