Gene,Expression_Level
Gene1,1.836853907081562
Gene2,73.54213543785755
Gene3,15.075987422443768
Gene4,28.390188522483744
Gene5,16.76270376420717
Gene6,5.998797042729758
Gene7,74.32706367668432
Gene8,8.77816675968333
Gene9,4.4687227781849455
Gene10,26.87785351354923
