Gene,Expression_Level
Gene1,0.7581438240040405
Gene2,34.6570202304641
Gene3,6.383809377592441
Gene4,12.013276215810631
Gene5,9.581658492163935
Gene6,1.1553524752061113
Gene7,36.40794615459877
Gene8,6.031362883262054
Gene9,3.222128738868851
Gene10,14.299358146657898
