Gene,Expression_Level
Gene1,1.5370182149491367
Gene2,64.5400467776134
Gene3,13.845794685083712
Gene4,21.903680165543555
Gene5,16.625498132766822
Gene6,3.2058731982101096
Gene7,70.20078602261385
Gene8,9.691447085963558
Gene9,5.41489888992762
Gene10,28.2368094461476
