Gene,Expression_Level
Gene1,1.402359760510616
Gene2,44.78132460418384
Gene3,9.214445815205643
Gene4,19.47100429656751
Gene5,12.433496851375878
Gene6,1.7757664024083772
Gene7,50.14039067810554
Gene8,8.315815570110464
Gene9,0.14350370114912767
Gene10,16.656177719372746
