Gene,Expression_Level
Gene1,1.1348656030403454
Gene2,57.94722006965706
Gene3,9.854721828905737
Gene4,22.37064301483814
Gene5,16.42169944105769
Gene6,1.567134782591264
Gene7,64.65996536615788
Gene8,11.331770374520726
Gene9,4.076971636172941
Gene10,20.594868198820038
