Gene,Expression_Level
Gene1,1.9375213202235746
Gene2,63.531788283822316
Gene3,9.441879163840701
Gene4,24.953225763151448
Gene5,15.725541326018119
Gene6,2.8282927746135713
Gene7,65.59402100373887
Gene8,8.279929760789276
Gene9,5.478005162806046
Gene10,25.693198542890208
