Gene,Expression_Level
Gene1,1.802996907109507
Gene2,58.59641147649767
Gene3,11.269987251356273
Gene4,25.826205070313225
Gene5,13.506825665999036
Gene6,2.1387496916013204
Gene7,60.186795515322295
Gene8,10.152928263129064
Gene9,5.0332197945461825
Gene10,22.435769184566166
