Gene,Expression_Level
Gene1,2.9805534130388227
Gene2,38.68210119926872
Gene3,7.213522385630734
Gene4,16.82365564207801
Gene5,7.562412663355747
Gene6,2.030900002164503
Gene7,41.24507904897908
Gene8,6.0611199670935045
Gene9,2.3024660831660264
Gene10,13.88687043171757
