Gene,Expression_Level
Gene1,0.7846220945758718
Gene2,41.563476675282395
Gene3,8.892716982173937
Gene4,19.489505269565864
Gene5,9.58307576765684
Gene6,3.787133235499648
Gene7,48.57348087257122
Gene8,9.140243792598586
Gene9,5.327518080664789
Gene10,16.041069238527992
