Gene,Expression_Level
Gene1,2.942736934449926
Gene2,75.85477729729695
Gene3,12.92006980922303
Gene4,29.459392527796798
Gene5,18.73007802992263
Gene6,1.7772371401585805
Gene7,85.62276403130605
Gene8,10.52828778492126
Gene9,10.854432184112916
Gene10,30.86300019156268
