Gene,Expression_Level
Gene1,1.6033407050566133
Gene2,72.29375562441996
Gene3,14.202518113207388
Gene4,30.34317010300288
Gene5,14.81076930074983
Gene6,0.11695504725994335
Gene7,73.61570147979047
Gene8,12.582650472392473
Gene9,3.34213330187159
Gene10,26.91753606188656
