Gene,Expression_Level
Gene1,1.4860222431416403
Gene2,30.370683152602616
Gene3,6.757813865114066
Gene4,13.339869015348242
Gene5,8.490323511136586
Gene6,1.2373107809437007
Gene7,34.496832738625415
Gene8,3.679386138455608
Gene9,1.7338372901786951
Gene10,13.344337156601705
