Gene,Expression_Level
Gene1,2.7320697552949516
Gene2,63.06957563034296
Gene3,11.075309394901483
Gene4,27.1375161521979
Gene5,15.216315768774713
Gene6,2.322146243787055
Gene7,71.73870777408906
Gene8,12.755954251560935
Gene9,2.601089013049117
Gene10,26.1706654304325
