Gene,Expression_Level
Gene1,2.0043100700826684
Gene2,48.401891410854276
Gene3,10.297301226568496
Gene4,22.253070515518953
Gene5,12.732041598510293
Gene6,1.8729894912517757
Gene7,51.52969277580433
Gene8,6.467927093845672
Gene9,4.13245185099678
Gene10,20.481308022133504
