Gene,Expression_Level
Gene1,3.4537622528015914
Gene2,54.32714971180158
Gene3,9.989792231314688
Gene4,18.971761064422218
Gene5,12.60786375523179
Gene6,0.5773927423335758
Gene7,59.61836536906657
Gene8,9.015896152109233
Gene9,3.2616858190050775
Gene10,20.536598786637065
