Gene,Expression_Level
Gene1,0.13970007984967617
Gene2,33.80228663407152
Gene3,6.176492707760295
Gene4,12.69313332110846
Gene5,8.608757908178974
Gene6,0.9405472488779008
Gene7,35.25340636984338
Gene8,5.34833394727542
Gene9,1.3106682169537507
Gene10,13.655978553639532
