Gene,Expression_Level
Gene1,1.4897495447315774
Gene2,72.64098861021053
Gene3,9.5790531975299
Gene4,31.351751903874
Gene5,17.697791459785297
Gene6,0.494619148535614
Gene7,80.98098384638152
Gene8,10.801181820752335
Gene9,5.332823968230829
Gene10,27.00764669084081
