Gene,Expression_Level
Gene1,1.324411386725255
Gene2,64.40969015823867
Gene3,11.907687947649285
Gene4,28.31126534494737
Gene5,21.59746497453635
Gene6,2.5151826834802145
Gene7,75.25000852066229
Gene8,10.716816582561247
Gene9,3.294486648526416
Gene10,25.3033663455046
