Gene,Expression_Level
Gene1,1.896781681389103
Gene2,42.98639642248125
Gene3,8.223452707208393
Gene4,17.318966751682446
Gene5,9.352068272935835
Gene6,1.7189681925375608
Gene7,44.57476234472423
Gene8,7.041684033842135
Gene9,4.070026592833988
Gene10,17.553700770128604
