Gene,Expression_Level
Gene1,0.7007684803526746
Gene2,49.54568029235549
Gene3,8.629151866225454
Gene4,22.39857818766113
Gene5,11.130682649209723
Gene6,2.614668432218557
Gene7,54.1421147015469
Gene8,8.266252989775202
Gene9,4.432659095050342
Gene10,17.1300418415902
