Gene,Expression_Level
Gene1,0.9926604644851974
Gene2,47.85418299415036
Gene3,10.429004713355083
Gene4,19.790715451145875
Gene5,12.670608950541693
Gene6,1.7323512276040491
Gene7,53.74103054511837
Gene8,5.062803178195235
Gene9,2.8810846733961237
Gene10,17.5712846122886
