Gene,Expression_Level
Gene1,2.170029431229066
Gene2,62.76272253748442
Gene3,7.878537972107774
Gene4,24.402335314140156
Gene5,14.053777640556769
Gene6,0.7566042950253867
Gene7,65.44929946565985
Gene8,8.648461679218554
Gene9,4.225793858296825
Gene10,21.5858244041223
