Gene,Expression_Level
Gene1,1.887242160507662
Gene2,39.57298321611757
Gene3,6.459949320022057
Gene4,17.263535232748463
Gene5,9.913605624124935
Gene6,0.7723322012641888
Gene7,42.38990242475038
Gene8,7.1707740016823305
Gene9,5.220837065531162
Gene10,16.269274394731816
