Gene,Expression_Level
Gene1,2.089666762285616
Gene2,35.74800480948831
Gene3,8.06575069868284
Gene4,15.793580303832002
Gene5,7.1065410639219255
Gene6,0.5959031999413744
Gene7,38.7958466526397
Gene8,4.253890933167123
Gene9,1.3847069835115817
Gene10,15.030723357677923
