Gene,Expression_Level
Gene1,1.526752120140422
Gene2,38.6960338566155
Gene3,7.773001570568883
Gene4,13.528820206625811
Gene5,11.286335817122776
Gene6,0.5216957177230369
Gene7,43.72937776015836
Gene8,6.273930132781866
Gene9,0.12092594336213237
Gene10,14.292842749509232
