Gene,Expression_Level
Gene1,0.8351964800515087
Gene2,59.672408839451506
Gene3,14.262596141011691
Gene4,27.929499528430288
Gene5,16.56365092895529
Gene6,1.2150077748357986
Gene7,62.57223152368144
Gene8,10.791735423670696
Gene9,3.1189788279791095
Gene10,22.073503013541085
