Gene,Expression_Level
Gene1,3.919013018325326
Gene2,61.885645082107494
Gene3,13.277755406301694
Gene4,27.52718789784503
Gene5,15.567171642872243
Gene6,0.5817281280355685
Gene7,76.09946093604508
Gene8,12.35377611297295
Gene9,5.473430968663144
Gene10,25.444658835616867
