Gene,Expression_Level
Gene1,0.055620465791216094
Gene2,56.54891735988099
Gene3,9.325423414051821
Gene4,22.281234208436654
Gene5,11.94187655486878
Gene6,0.7439558082002734
Gene7,59.78353001419408
Gene8,8.018230742559197
Gene9,6.687293583674653
Gene10,19.190408435071436
