Gene,Expression_Level
Gene1,2.4908732069141997
Gene2,59.51145035315662
Gene3,9.627903607534213
Gene4,25.664203839681488
Gene5,13.872922136109786
Gene6,0.0651840434735384
Gene7,66.84119218382983
Gene8,9.926956644363559
Gene9,4.269062914747519
Gene10,25.86330026397894
