Gene,Expression_Level
Gene1,1.9987895297348288
Gene2,53.2899189286781
Gene3,5.966206623576238
Gene4,20.31450459501712
Gene5,11.78986560667281
Gene6,0.09552487808737643
Gene7,55.9638814873061
Gene8,10.92349675235915
Gene9,1.5931418048245527
Gene10,21.24141311221101
