Gene,Expression_Level
Gene1,2.5830233715544137
Gene2,75.18288972441938
Gene3,11.60231669582345
Gene4,28.23675434701401
Gene5,15.894047487397662
Gene6,1.8936867560597617
Gene7,85.25667217169254
Gene8,13.328352958386484
Gene9,6.861031042126396
Gene10,32.417023027444465
