Gene,Expression_Level
Gene1,1.0717050520116622
Gene2,54.27335537249568
Gene3,10.041579141570558
Gene4,21.800861406337724
Gene5,14.94844950573262
Gene6,3.0383616032109795
Gene7,60.72334628417984
Gene8,7.181732886149447
Gene9,6.571200245566223
Gene10,19.435730829936244
