Gene,Expression_Level
Gene1,1.1607052289138282
Gene2,44.47125146432428
Gene3,10.665546371522144
Gene4,17.541446341823622
Gene5,10.122220982396113
Gene6,1.2111925850820748
Gene7,47.4117278338413
Gene8,6.814556769155037
Gene9,1.4725184873049693
Gene10,16.615124576233175
