Gene,Expression_Level
Gene1,2.4110459930241275
Gene2,69.91692424491896
Gene3,15.124397971722004
Gene4,26.29575425576884
Gene5,17.90929252297904
Gene6,3.4877526683134756
Gene7,79.28998608852433
Gene8,11.834366060885868
Gene9,1.4624912007819508
Gene10,29.660067622506492
