Gene,Expression_Level
Gene1,5.529844166575719
Gene2,50.64400495630419
Gene3,11.610736100955513
Gene4,18.625788229151024
Gene5,13.473533132877716
Gene6,0.9679522926217605
Gene7,58.32213416122087
Gene8,6.488308747402372
Gene9,3.5588282732454948
Gene10,19.6389638760574
