Gene,Expression_Level
Gene1,0.15770676990463336
Gene2,69.16816400015854
Gene3,12.846244240203317
Gene4,25.81718831351745
Gene5,17.569187003754468
Gene6,2.652692812969947
Gene7,76.45788900192154
Gene8,14.735904732769155
Gene9,2.6499086672379395
Gene10,24.469033086938975
