Gene,Expression_Level
Gene1,0.6426877638233944
Gene2,31.651569731284372
Gene3,5.601631152947107
Gene4,13.682232132220562
Gene5,8.819652269587644
Gene6,0.028314737108927308
Gene7,34.72298001666124
Gene8,6.455970410840982
Gene9,2.070528685557303
Gene10,13.18231368554557
