Gene,Expression_Level
Gene1,1.9470100927490102
Gene2,54.32814074801357
Gene3,10.182724255966239
Gene4,23.05278179317202
Gene5,11.220706789763762
Gene6,0.4857955546164914
Gene7,56.83965533519903
Gene8,9.635720304596477
Gene9,3.8292201998018456
Gene10,25.25731064083412
