Gene,Expression_Level
Gene1,2.8730759079617583
Gene2,47.323423982759934
Gene3,9.93024988025356
Gene4,21.79251700041876
Gene5,12.299847904724116
Gene6,0.03825393522769904
Gene7,55.84316111617147
Gene8,7.793382387616351
Gene9,5.530673545158082
Gene10,25.105780709727295
