Gene,Expression_Level
Gene1,0.5975300029290593
Gene2,56.12808034697132
Gene3,9.134889365302733
Gene4,26.28689775040395
Gene5,15.470522667355485
Gene6,0.6423735739571166
Gene7,59.618406134887564
Gene8,6.34914362935478
Gene9,4.219346995791625
Gene10,19.085789350101603
