Gene,Expression_Level
Gene1,0.8911951812119739
Gene2,39.5288945871244
Gene3,6.176999791365841
Gene4,17.32304957288852
Gene5,11.966000443198208
Gene6,1.1516304429417283
Gene7,45.679515575600256
Gene8,6.497423489178041
Gene9,1.9666574527453968
Gene10,15.194723602579762
