Gene,Expression_Level
Gene1,1.6078185275586685
Gene2,45.123225293658756
Gene3,7.374011042877668
Gene4,19.61254352227092
Gene5,10.675164558456087
Gene6,0.05433675618624472
Gene7,48.80713567866345
Gene8,7.5802931973178325
Gene9,1.9684974665546429
Gene10,15.57220011589543
