Gene,Expression_Level
Gene1,0.681783958729253
Gene2,61.66217700477649
Gene3,13.444753934373523
Gene4,27.78634683946492
Gene5,19.850387652458334
Gene6,0.10972082731195074
Gene7,69.42072105141668
Gene8,8.887479696930257
Gene9,3.890746774907363
Gene10,22.2306152662155
