Gene,Expression_Level
Gene1,1.3094294549948797
Gene2,67.50738090430951
Gene3,8.000489720668666
Gene4,23.66336332763707
Gene5,15.654363447223979
Gene6,3.1196049414556084
Gene7,73.37269933325332
Gene8,9.910154884965069
Gene9,0.8900407028883506
Gene10,25.83006459502818
