Gene,Expression_Level
Gene1,0.7985046823753499
Gene2,65.14267954834341
Gene3,11.504949076156388
Gene4,28.148073279878503
Gene5,15.952219325774857
Gene6,2.3407889140557105
Gene7,77.34984323938775
Gene8,11.22877483920158
Gene9,2.235605444521473
Gene10,27.524879782163612
