Gene,Expression_Level
Gene1,6.038531487135186
Gene2,76.16233489682598
Gene3,15.415998766293256
Gene4,29.646546314227123
Gene5,18.359955935064132
Gene6,0.8070032343513492
Gene7,78.28115209555867
Gene8,12.632494899096583
Gene9,6.2083279212474265
Gene10,26.664160872433147
