Gene,Expression_Level
Gene1,3.146562612077509
Gene2,59.27856701067044
Gene3,14.22378699047112
Gene4,25.43122442570888
Gene5,17.62538183480074
Gene6,2.0851302409983288
Gene7,66.11885461416465
Gene8,7.192230532067065
Gene9,6.993721585837579
Gene10,23.314494549926515
