Gene,Expression_Level
Gene1,0.8753155249037292
Gene2,47.81575463001749
Gene3,11.118168958223427
Gene4,19.796378806308667
Gene5,14.184082305924171
Gene6,1.0740936613749332
Gene7,54.77196723844038
Gene8,7.6942268136657335
Gene9,1.9137628270160887
Gene10,19.279010404090876
