Gene,Expression_Level
Gene1,2.5989850772405414
Gene2,49.08439141806756
Gene3,9.063175001157898
Gene4,21.624812179289687
Gene5,13.303947799458069
Gene6,0.6264354645036433
Gene7,52.73212951897731
Gene8,9.56038034612696
Gene9,5.577888332919209
Gene10,18.005976710267195
