Gene,Expression_Level
Gene1,2.9333751607095544
Gene2,74.77809199107698
Gene3,13.915168450660955
Gene4,30.11014891504704
Gene5,19.645727167891817
Gene6,0.2524638803287977
Gene7,84.75491242240766
Gene8,13.680080239809138
Gene9,6.262116577261364
Gene10,29.99734382290583
