Gene,Expression_Level
Gene1,0.7041669614404611
Gene2,32.586497311165424
Gene3,5.2766159284808225
Gene4,12.34741594667822
Gene5,8.115319038856446
Gene6,0.19038640571167176
Gene7,36.2775691354922
Gene8,5.580794872044305
Gene9,1.1308775681606202
Gene10,12.582562391376033
