Gene,Expression_Level
Gene1,1.3579202583485888
Gene2,54.1052508247427
Gene3,10.247509052765304
Gene4,21.694365791985973
Gene5,13.216522901349077
Gene6,1.5644970759907344
Gene7,59.00683820128685
Gene8,7.878127994005407
Gene9,1.7602527096663887
Gene10,19.04577812133376
