Gene,Expression_Level
Gene1,0.2683413731456527
Gene2,37.19547271604703
Gene3,6.947555099699863
Gene4,15.025784845409047
Gene5,9.336110700172002
Gene6,0.12323090193444985
Gene7,39.62816039812717
Gene8,7.545464548010536
Gene9,4.004236505303584
Gene10,15.66258675163216
