Gene,Expression_Level
Gene1,2.7174353854340616
Gene2,48.8991033818584
Gene3,9.638365878351086
Gene4,17.527364371534656
Gene5,13.837071997639743
Gene6,1.3761786099263442
Gene7,54.032776747240455
Gene8,8.173345123672783
Gene9,3.1573762185275287
Gene10,18.300170208765138
