Gene,Expression_Level
Gene1,0.12858623007196057
Gene2,33.43917015587453
Gene3,7.075963570934718
Gene4,14.46017660670818
Gene5,7.439969759523357
Gene6,0.9849342861683096
Gene7,37.55636286622806
Gene8,5.730315758741365
Gene9,1.8903229645179935
Gene10,13.289318893099093
