Gene,Expression_Level
Gene1,3.3295525428816117
Gene2,64.44945961268795
Gene3,9.956589669545481
Gene4,28.342549256450898
Gene5,15.616372037295392
Gene6,0.9390178547800128
Gene7,70.96517361509136
Gene8,8.219753031670473
Gene9,4.859580171071463
Gene10,26.552250242504787
