Gene,Expression_Level
Gene1,1.2896963297203778
Gene2,44.75303231661489
Gene3,9.532340840624588
Gene4,16.53750300216034
Gene5,11.23659689347732
Gene6,0.9688145608422574
Gene7,47.25236861086479
Gene8,5.56683277930145
Gene9,2.0120637381422934
Gene10,16.26354708484597
