Gene,Expression_Level
Gene1,0.4312531724785179
Gene2,29.624831464648764
Gene3,5.548776970448164
Gene4,13.445419195042662
Gene5,7.026861890885909
Gene6,0.2687792425495331
Gene7,32.14187482339322
Gene8,5.739071723950976
Gene9,1.574171088467615
Gene10,10.57057484584008
