Gene,Expression_Level
Gene1,3.208795973626726
Gene2,74.13512187874396
Gene3,13.077280624490362
Gene4,27.15383886807753
Gene5,17.238240267923562
Gene6,0.5453240778386634
Gene7,81.03801377295112
Gene8,14.653969978000307
Gene9,2.350593125064599
Gene10,28.29412379301562
