Gene,Expression_Level
Gene1,2.5014644436906512
Gene2,52.79533024973209
Gene3,11.177900156707642
Gene4,24.276027572909754
Gene5,13.026244143548332
Gene6,2.3008203219030117
Gene7,59.44801285314437
Gene8,9.274033257117418
Gene9,3.4822412982066595
Gene10,20.226392657086727
