Gene,Expression_Level
Gene1,0.335931279743153
Gene2,28.285733911012436
Gene3,4.932734770477217
Gene4,12.576209731621923
Gene5,7.020530694469422
Gene6,0.41406223982458557
Gene7,29.88477898304022
Gene8,2.7891151472550164
Gene9,2.0946362762074537
Gene10,11.7037267784286
