Gene,Expression_Level
Gene1,0.42519400617256675
Gene2,35.421211997627196
Gene3,5.653223563819874
Gene4,14.054394021579963
Gene5,8.746970389344202
Gene6,0.2781000438403015
Gene7,37.74950797683576
Gene8,6.450934450217239
Gene9,2.979625748807865
Gene10,11.508688495431187
