Gene,Expression_Level
Gene1,1.9935134210428864
Gene2,43.226005007928066
Gene3,8.273055786684813
Gene4,18.24304377269047
Gene5,12.024874235182589
Gene6,0.05043749846690778
Gene7,46.21606145632819
Gene8,8.181274046522473
Gene9,3.161268091379709
Gene10,15.379339521765303
