Gene,Expression_Level
Gene1,1.367576750267721
Gene2,33.43808698316194
Gene3,4.683663073838178
Gene4,13.72485817004415
Gene5,6.610855098812102
Gene6,1.0327699959086447
Gene7,36.02372879049955
Gene8,5.545383724531787
Gene9,2.651746902771565
Gene10,14.556010258617762
