Gene,Expression_Level
Gene1,1.1829077914696697
Gene2,38.960569367698575
Gene3,7.710002200245796
Gene4,16.126672870812236
Gene5,12.053554973108909
Gene6,0.3103449274733388
Gene7,40.99650638656123
Gene8,6.6588079861757015
Gene9,3.450126363719752
Gene10,17.146640657879782
