Gene,Expression_Level
Gene1,3.5240748587450343
Gene2,76.16718680725549
Gene3,18.91838940908305
Gene4,28.482098968464257
Gene5,17.900816927333334
Gene6,4.435581515988686
Gene7,81.39485210677222
Gene8,10.348929961131088
Gene9,5.776664919237547
Gene10,32.03223598580978
