Gene,Expression_Level
Gene1,0.6292741253650374
Gene2,48.77385983273693
Gene3,7.979541402841268
Gene4,22.244181232430474
Gene5,12.707257530548615
Gene6,1.081318191677305
Gene7,56.36205171746565
Gene8,6.924378294412224
Gene9,4.612250781751811
Gene10,16.19340448988277
