Gene,Expression_Level
Gene1,1.4383107924644274
Gene2,32.191634406831035
Gene3,6.458947278454493
Gene4,14.237920741602043
Gene5,7.997687439701275
Gene6,0.31852499867873363
Gene7,35.467663939178074
Gene8,3.4078554636381106
Gene9,2.4364501629781268
Gene10,11.339265093630798
