Gene,Expression_Level
Gene1,0.1321818274368266
Gene2,32.71464077570964
Gene3,6.750837736659642
Gene4,12.545395163257119
Gene5,9.014479646706663
Gene6,0.04969089776358816
Gene7,36.649514921860955
Gene8,7.11953534468951
Gene9,2.12971202196211
Gene10,11.76663747553933
