Gene,Expression_Level
Gene1,0.561402195531766
Gene2,31.396585033911183
Gene3,5.969699661782114
Gene4,13.824914621706776
Gene5,7.5063147447041265
Gene6,0.8710169209024696
Gene7,35.48319091044383
Gene8,4.5712098764956135
Gene9,2.6532092683671546
Gene10,11.244195017839374
