Gene,Expression_Level
Gene1,4.5794287639934605
Gene2,67.23202539885858
Gene3,13.44254384641695
Gene4,27.141921076507035
Gene5,16.991943575563496
Gene6,0.3868227164754011
Gene7,71.9095569853797
Gene8,11.1941567149069
Gene9,3.133221773614134
Gene10,25.895557644705217
