Gene,Expression_Level
Gene1,0.2835006369302073
Gene2,25.826965449342747
Gene3,4.7972890235270516
Gene4,10.751315637590203
Gene5,6.33171510572547
Gene6,0.5846915104538977
Gene7,28.069797650360854
Gene8,4.410034280970538
Gene9,0.8211746291382775
Gene10,8.795276382251675
