Gene,Expression_Level
Gene1,4.699206692350107
Gene2,53.054438786130206
Gene3,10.53981096606381
Gene4,22.275368838605992
Gene5,13.526297795804235
Gene6,2.4548439251992464
Gene7,60.5033172410088
Gene8,8.50463128689833
Gene9,2.0287848374866826
Gene10,23.42008937777575
