Gene,Expression_Level
Gene1,1.3125077279676798
Gene2,56.8221776330285
Gene3,6.609430703525109
Gene4,25.008227147187807
Gene5,17.810744458504217
Gene6,1.3371148695902373
Gene7,68.18918717170186
Gene8,8.931421118764614
Gene9,3.1300122868395466
Gene10,23.34287096421572
