Gene,Expression_Level
Gene1,1.7208813025035423
Gene2,47.23969804841385
Gene3,8.79191833316486
Gene4,16.919357775034793
Gene5,12.990016764822332
Gene6,0.8501662679362
Gene7,54.0234839682457
Gene8,8.312016000268015
Gene9,1.510353875469019
Gene10,19.29404588571835
