Gene,Expression_Level
Gene1,0.36162936989196426
Gene2,75.98420587832231
Gene3,12.37722996954847
Gene4,31.082446618301248
Gene5,19.404060913777304
Gene6,8.079856941615347
Gene7,81.55791097079546
Gene8,11.254790813860168
Gene9,5.166231029745429
Gene10,32.440198053781955
