Gene,Expression_Level
Gene1,1.708704377541504
Gene2,46.25399739022278
Gene3,11.161413715296897
Gene4,16.445938336092116
Gene5,11.439291222552287
Gene6,0.6284502523882417
Gene7,49.02866451429647
Gene8,5.861240939486855
Gene9,1.3777347183161417
Gene10,17.323490464485907
