Gene,Expression_Level
Gene1,2.0471701299739538
Gene2,70.04350268151873
Gene3,10.840123419073807
Gene4,30.094322491244867
Gene5,17.70333533037363
Gene6,1.8574723341781385
Gene7,85.16833533955723
Gene8,10.948685935271673
Gene9,6.862323833973969
Gene10,25.95702992622065
