Gene,Expression_Level
Gene1,0.0112792843060657
Gene2,50.507975845680065
Gene3,6.282530171914552
Gene4,19.84905281749552
Gene5,11.679970333909212
Gene6,0.49511370935234184
Gene7,54.801600695230206
Gene8,8.695847446612085
Gene9,3.0197916854743445
Gene10,21.40663208121032
