Gene,Expression_Level
Gene1,1.7946549020134168
Gene2,51.47569662565751
Gene3,9.08216265069023
Gene4,20.43832189172996
Gene5,14.138258620488902
Gene6,1.949207888662238
Gene7,54.11760901029735
Gene8,9.160630887187375
Gene9,3.437122786243711
Gene10,19.863792737592256
