Gene,Expression_Level
Gene1,1.3350358548643608
Gene2,32.63545523135404
Gene3,6.3792980699766675
Gene4,13.797676681419048
Gene5,8.029628420504338
Gene6,0.13809776767523257
Gene7,37.315273663349934
Gene8,6.811167393990212
Gene9,3.570297666853809
Gene10,13.44458680978311
