Gene,Expression_Level
Gene1,1.9783135794561502
Gene2,44.63951119409355
Gene3,7.963393643225935
Gene4,17.494271836366025
Gene5,11.775266022387807
Gene6,1.5334154928045456
Gene7,47.074280367253586
Gene8,8.239354703123606
Gene9,1.1190564545177586
Gene10,17.6021198800144
