Gene,Expression_Level
Gene1,1.0071451291653954
Gene2,31.940678846011505
Gene3,5.118875423042598
Gene4,13.333438057831843
Gene5,8.349959954781975
Gene6,1.029384146732365
Gene7,35.56794533769742
Gene8,4.624436780881921
Gene9,2.5291797393721485
Gene10,12.198043374197761
