Gene,Expression_Level
Gene1,0.24054406355133862
Gene2,54.854021695401
Gene3,8.442192908040786
Gene4,24.088934959048224
Gene5,14.115349055754015
Gene6,3.2383114485494287
Gene7,53.26740935560232
Gene8,9.60727764239871
Gene9,2.7284586014274153
Gene10,19.900492696102344
