Gene,Expression_Level
Gene1,0.3545276418080447
Gene2,77.46051628128721
Gene3,12.411071044384787
Gene4,29.448899664196823
Gene5,17.560789123664087
Gene6,0.507649435370669
Gene7,84.19889089766559
Gene8,14.942125308037252
Gene9,7.344174991758624
Gene10,30.363245456624018
