Gene,Expression_Level
Gene1,1.4730827387609646
Gene2,70.38418684007675
Gene3,14.124180718993138
Gene4,28.21901680188815
Gene5,19.32731863725023
Gene6,1.6301283707579879
Gene7,71.60062198897454
Gene8,8.251719889688772
Gene9,5.534161185217257
Gene10,23.089639891018837
