Gene,Expression_Level
Gene1,1.2636235033357146
Gene2,48.872894024466184
Gene3,9.481067430779257
Gene4,20.15739944528131
Gene5,10.179689703721563
Gene6,1.1121539089283854
Gene7,54.26891873693854
Gene8,9.390593794974667
Gene9,2.240346420575553
Gene10,18.65168209874987
